cust_id,gender
3500,0.0
3501,0.19421487603305784
3502,0.0
3503,0.26785714285714285
3504,1.0
3505,0.2608695652173913
3506,0.0
3507,1.0
3508,0.5336322869955157
3509,0.19421487603305784
3510,0.32335329341317365
3511,0.5
3512,0.0
3513,0.39344262295081966
3514,1.0
3515,0.05555555555555555
3516,0.32335329341317365
3517,0.0
3518,1.0
3519,0.0
3520,0.4909090909090909
3521,0.05555555555555555
3522,0.6111111111111112
3523,0.19421487603305784
3524,0.05555555555555555
3525,0.23076923076923078
3526,0.125
3527,0.4909090909090909
3528,0.0
3529,0.15625
3530,1.0
3531,0.6666666666666666
3532,0.125
3533,0.14285714285714285
3534,1.0
3535,0.26785714285714285
3536,1.0
3537,0.0
3538,0.38235294117647056
3539,1.0
3540,0.0
3541,1.0
3542,0.0
3543,0.0
3544,0.325
3545,0.5
3546,0.037037037037037035
3547,0.19421487603305784
3548,1.0
3549,0.0
3550,0.26785714285714285
3551,1.0
3552,0.325
3553,0.4909090909090909
3554,0.7
3555,0.19421487603305784
3556,1.0
3557,0.15625
3558,0.39344262295081966
3559,0.19421487603305784
3560,1.0
3561,0.21818181818181817
3562,0.0
3563,0.32335329341317365
3564,0.0
3565,0.4909090909090909
3566,0.19421487603305784
3567,0.0
3568,0.32335329341317365
3569,0.4909090909090909
3570,0.125
3571,0.0
3572,1.0
3573,0.15625
3574,0.4909090909090909
3575,0.6111111111111112
3576,1.0
3577,0.0
3578,0.32335329341317365
3579,0.19421487603305784
3580,0.6956521739130435
3581,0.23076923076923078
3582,1.0
3583,0.0
3584,0.38235294117647056
3585,1.0
3586,1.0
3587,0.0
3588,0.0
3589,0.2608695652173913
3590,0.5675675675675675
3591,0.5675675675675675
3592,1.0
3593,0.14285714285714285
3594,0.32335329341317365
3595,0.5714285714285714
3596,0.32335329341317365
3597,0.28125
3598,0.5675675675675675
3599,1.0
3600,1.0
3601,0.0
3602,0.5263157894736842
3603,0.0
3604,0.4909090909090909
3605,0.0
3606,0.5714285714285714
3607,0.25
3608,0.21818181818181817
3609,0.8
3610,0.4909090909090909
3611,1.0
3612,0.6111111111111112
3613,0.15625
3614,0.0
3615,0.28125
3616,1.0
3617,0.5
3618,0.0
3619,1.0
3620,0.32335329341317365
3621,0.4909090909090909
3622,0.39344262295081966
3623,1.0
3624,0.8
3625,1.0
3626,0.35
3627,0.19421487603305784
3628,0.4909090909090909
3629,0.0
3630,0.19421487603305784
3631,0.8
3632,0.39344262295081966
3633,0.0
3634,0.09090909090909091
3635,0.5714285714285714
3636,1.0
3637,0.39344262295081966
3638,0.0
3639,0.6666666666666666
3640,1.0
3641,0.037037037037037035
3642,0.6470588235294118
3643,0.39344262295081966
3644,0.32335329341317365
3645,0.5714285714285714
3646,0.6842105263157895
3647,0.0
3648,1.0
3649,0.5336322869955157
3650,0.0
3651,0.39344262295081966
3652,0.39344262295081966
3653,0.5714285714285714
3654,0.45161290322580644
3655,0.35
3656,0.4909090909090909
3657,0.25
3658,0.19421487603305784
3659,0.0
3660,0.32335329341317365
3661,0.4909090909090909
3662,0.0
3663,1.0
3664,0.5336322869955157
3665,1.0
3666,0.5
3667,0.19421487603305784
3668,0.6842105263157895
3669,1.0
3670,0.28125
3671,0.5
3672,0.15625
3673,0.4909090909090909
3674,1.0
3675,0.25
3676,0.25
3677,1.0
3678,0.25
3679,0.4909090909090909
3680,0.5675675675675675
3681,1.0
3682,1.0
3683,0.037037037037037035
3684,0.0
3685,0.2857142857142857
3686,0.21818181818181817
3687,1.0
3688,0.5675675675675675
3689,1.0
3690,0.5714285714285714
3691,0.19421487603305784
3692,0.28125
3693,0.21818181818181817
3694,0.19421487603305784
3695,0.6111111111111112
3696,0.4909090909090909
3697,0.0
3698,0.19421487603305784
3699,0.0
3700,0.39344262295081966
3701,0.39344262295081966
3702,0.32335329341317365
3703,1.0
3704,0.6842105263157895
3705,0.26785714285714285
3706,0.39344262295081966
3707,0.25
3708,0.0
3709,0.19421487603305784
3710,0.19421487603305784
3711,0.25
3712,0.6111111111111112
3713,0.19421487603305784
3714,0.39344262295081966
3715,0.125
3716,0.6842105263157895
3717,0.325
3718,0.0
3719,0.25
3720,0.4909090909090909
3721,1.0
3722,0.19421487603305784
3723,0.47058823529411764
3724,0.4909090909090909
3725,1.0
3726,1.0
3727,0.0
3728,1.0
3729,0.6111111111111112
3730,0.0
3731,0.45161290322580644
3732,0.5454545454545454
3733,0.25
3734,0.0
3735,0.32335329341317365
3736,0.0
3737,0.4909090909090909
3738,0.5
3739,1.0
3740,0.6666666666666666
3741,0.34375
3742,0.6842105263157895
3743,0.19421487603305784
3744,0.28125
3745,0.25
3746,0.5675675675675675
3747,0.19421487603305784
3748,0.19421487603305784
3749,0.6111111111111112
3750,0.125
3751,1.0
3752,0.125
3753,0.0
3754,0.4909090909090909
3755,0.0
3756,0.6111111111111112
3757,0.7
3758,0.3333333333333333
3759,0.5675675675675675
3760,0.19421487603305784
3761,1.0
3762,0.32335329341317365
3763,0.19421487603305784
3764,0.5336322869955157
3765,0.0
3766,1.0
3767,0.3333333333333333
3768,0.0
3769,0.32335329341317365
3770,1.0
3771,1.0
3772,1.0
3773,0.4909090909090909
3774,0.32335329341317365
3775,1.0
3776,1.0
3777,0.14285714285714285
3778,0.2608695652173913
3779,0.7
3780,0.5336322869955157
3781,0.5263157894736842
3782,1.0
3783,0.25
3784,1.0
3785,0.5
3786,0.5675675675675675
3787,0.05555555555555555
3788,0.45161290322580644
3789,0.28125
3790,0.19421487603305784
3791,0.325
3792,0.6111111111111112
3793,0.0
3794,0.39344262295081966
3795,1.0
3796,0.0
3797,0.3333333333333333
3798,1.0
3799,0.5714285714285714
3800,0.0
3801,0.19421487603305784
3802,0.6842105263157895
3803,0.19421487603305784
3804,0.19421487603305784
3805,1.0
3806,0.5336322869955157
3807,0.0
3808,0.0
3809,0.0
3810,0.125
3811,0.6111111111111112
3812,0.4909090909090909
3813,1.0
3814,0.28125
3815,0.5
3816,1.0
3817,0.15625
3818,0.5336322869955157
3819,0.32335329341317365
3820,0.6470588235294118
3821,1.0
3822,0.125
3823,0.19421487603305784
3824,0.25
3825,0.0
3826,0.35
3827,1.0
3828,0.19421487603305784
3829,0.0
3830,0.6111111111111112
3831,0.0
3832,0.39344262295081966
3833,0.0
3834,0.25
3835,0.19421487603305784
3836,0.0
3837,0.19421487603305784
3838,0.8
3839,0.8
3840,0.4090909090909091
3841,0.19421487603305784
3842,0.39344262295081966
3843,0.19421487603305784
3844,0.3333333333333333
3845,0.0
3846,0.0
3847,0.0
3848,0.14285714285714285
3849,1.0
3850,0.0
3851,0.0
3852,0.2857142857142857
3853,1.0
3854,0.4909090909090909
3855,0.19421487603305784
3856,0.5263157894736842
3857,0.19421487603305784
3858,0.5714285714285714
3859,0.26785714285714285
3860,0.5
3861,0.0
3862,0.21818181818181817
3863,1.0
3864,1.0
3865,0.5
3866,1.0
3867,0.5
3868,0.45161290322580644
3869,0.25
3870,0.19421487603305784
3871,0.4909090909090909
3872,0.0
3873,0.0
3874,0.5454545454545454
3875,0.0
3876,0.3333333333333333
3877,0.19421487603305784
3878,0.5714285714285714
3879,0.6956521739130435
3880,0.4909090909090909
3881,0.19421487603305784
3882,0.32335329341317365
3883,0.0
3884,0.125
3885,1.0
3886,1.0
3887,0.39344262295081966
3888,0.39344262295081966
3889,0.5
3890,0.6111111111111112
3891,0.09090909090909091
3892,0.0
3893,0.0
3894,0.037037037037037035
3895,0.19421487603305784
3896,0.32335329341317365
3897,0.32335329341317365
3898,0.6956521739130435
3899,0.39344262295081966
3900,0.6956521739130435
3901,1.0
3902,0.32335329341317365
3903,0.0
3904,0.5714285714285714
3905,0.19421487603305784
3906,1.0
3907,1.0
3908,0.25
3909,1.0
3910,0.32335329341317365
3911,0.037037037037037035
3912,1.0
3913,1.0
3914,1.0
3915,0.19421487603305784
3916,0.32335329341317365
3917,1.0
3918,0.26785714285714285
3919,0.037037037037037035
3920,1.0
3921,0.39344262295081966
3922,0.39344262295081966
3923,0.23076923076923078
3924,1.0
3925,0.125
3926,0.21818181818181817
3927,0.037037037037037035
3928,1.0
3929,0.0
3930,0.0
3931,0.14285714285714285
3932,1.0
3933,1.0
3934,0.037037037037037035
3935,0.15625
3936,0.19421487603305784
3937,0.19421487603305784
3938,0.8
3939,0.0
3940,1.0
3941,0.0
3942,0.0
3943,0.0
3944,0.19421487603305784
3945,0.3333333333333333
3946,0.5336322869955157
3947,0.19421487603305784
3948,0.7
3949,0.6666666666666666
3950,0.0
3951,0.4909090909090909
3952,0.325
3953,0.5263157894736842
3954,0.6111111111111112
3955,1.0
3956,0.4909090909090909
3957,0.037037037037037035
3958,0.38235294117647056
3959,0.39344262295081966
3960,0.5336322869955157
3961,1.0
3962,1.0
3963,0.0
3964,0.4909090909090909
3965,1.0
3966,1.0
3967,0.39344262295081966
3968,0.6111111111111112
3969,0.0
3970,0.32335329341317365
3971,0.19421487603305784
3972,1.0
3973,0.8
3974,0.39344262295081966
3975,1.0
3976,0.39344262295081966
3977,0.25
3978,1.0
3979,0.35
3980,0.0
3981,0.0
3982,0.25
3983,0.19421487603305784
3984,0.5714285714285714
3985,0.037037037037037035
3986,0.19421487603305784
3987,0.0
3988,1.0
3989,1.0
3990,0.25
3991,1.0
3992,0.0
3993,0.19421487603305784
3994,0.19421487603305784
3995,0.32335329341317365
3996,0.32335329341317365
3997,0.19421487603305784
3998,1.0
3999,0.4909090909090909
4000,0.4909090909090909
4001,1.0
4002,0.32335329341317365
4003,0.0
4004,0.39344262295081966
4005,0.21818181818181817
4006,1.0
4007,0.5336322869955157
4008,0.4909090909090909
4009,0.21818181818181817
4010,0.28125
4011,0.5336322869955157
4012,0.47058823529411764
4013,0.32335329341317365
4014,0.0
4015,0.0
4016,0.21818181818181817
4017,0.0
4018,0.4909090909090909
4019,0.0
4020,1.0
4021,0.4909090909090909
4022,0.0
4023,0.8
4024,0.6470588235294118
4025,0.5336322869955157
4026,1.0
4027,0.6111111111111112
4028,0.21818181818181817
4029,0.19421487603305784
4030,0.19421487603305784
4031,0.32335329341317365
4032,1.0
4033,0.5336322869955157
4034,0.4909090909090909
4035,0.4909090909090909
4036,0.39344262295081966
4037,0.19421487603305784
4038,1.0
4039,1.0
4040,0.325
4041,0.39344262295081966
4042,0.0
4043,0.39344262295081966
4044,0.0
4045,0.5
4046,0.32335329341317365
4047,0.19421487603305784
4048,0.45161290322580644
4049,0.5675675675675675
4050,1.0
4051,1.0
4052,0.19421487603305784
4053,0.5675675675675675
4054,0.4909090909090909
4055,1.0
4056,1.0
4057,0.5675675675675675
4058,0.0
4059,0.6111111111111112
4060,0.39344262295081966
4061,0.0
4062,0.45161290322580644
4063,0.5714285714285714
4064,1.0
4065,0.05555555555555555
4066,0.125
4067,0.0
4068,0.28125
4069,0.4909090909090909
4070,0.0
4071,0.6842105263157895
4072,0.21818181818181817
4073,0.28125
4074,1.0
4075,0.26785714285714285
4076,0.25
4077,0.19421487603305784
4078,1.0
4079,0.0
4080,0.0
4081,0.125
4082,0.5675675675675675
4083,0.4909090909090909
4084,1.0
4085,0.0
4086,0.5336322869955157
4087,0.5263157894736842
4088,0.21818181818181817
4089,0.0
4090,0.19421487603305784
4091,0.0
4092,1.0
4093,0.6111111111111112
4094,0.25
4095,0.28125
4096,0.0
4097,0.5336322869955157
4098,0.5714285714285714
4099,0.5
4100,0.0
4101,1.0
4102,0.0
4103,1.0
4104,0.0
4105,1.0
4106,0.0
4107,0.5714285714285714
4108,0.125
4109,0.2857142857142857
4110,0.19421487603305784
4111,0.34375
4112,0.39344262295081966
4113,0.0
4114,0.3333333333333333
4115,0.0
4116,0.0
4117,0.6842105263157895
4118,0.21818181818181817
4119,1.0
4120,0.0
4121,0.875
4122,0.39344262295081966
4123,0.25
4124,0.8
4125,0.32335329341317365
4126,0.19421487603305784
4127,0.19421487603305784
4128,0.0
4129,0.35
4130,0.4909090909090909
4131,0.39344262295081966
4132,0.25
4133,0.15625
4134,0.0
4135,0.32335329341317365
4136,0.6666666666666666
4137,0.25
4138,0.32335329341317365
4139,0.0
4140,0.8
4141,0.19421487603305784
4142,0.0
4143,0.0
4144,0.6111111111111112
4145,0.6111111111111112
4146,0.39344262295081966
4147,1.0
4148,0.0
4149,1.0
4150,0.25
4151,0.0
4152,0.0
4153,1.0
4154,0.21818181818181817
4155,0.125
4156,0.5
4157,0.5714285714285714
4158,0.0
4159,0.0
4160,0.6111111111111112
4161,0.21818181818181817
4162,0.0
4163,0.125
4164,1.0
4165,1.0
4166,0.0
4167,0.23076923076923078
4168,1.0
4169,0.125
4170,0.2857142857142857
4171,1.0
4172,0.4909090909090909
4173,0.6842105263157895
4174,1.0
4175,1.0
4176,0.39344262295081966
4177,0.42857142857142855
4178,0.25
4179,0.19421487603305784
4180,0.25
4181,0.0
4182,0.6842105263157895
4183,0.19421487603305784
4184,0.19421487603305784
4185,0.0
4186,0.28125
4187,0.19421487603305784
4188,1.0
4189,0.8
4190,0.0
4191,0.0
4192,1.0
4193,1.0
4194,0.5675675675675675
4195,0.5
4196,1.0
4197,1.0
4198,0.47058823529411764
4199,0.25
4200,0.5454545454545454
4201,1.0
4202,0.19421487603305784
4203,1.0
4204,1.0
4205,0.19421487603305784
4206,0.4909090909090909
4207,0.0
4208,0.125
4209,0.5336322869955157
4210,0.32335329341317365
4211,0.0
4212,0.3333333333333333
4213,0.25
4214,0.19421487603305784
4215,0.32335329341317365
4216,0.21818181818181817
4217,0.0
4218,0.5454545454545454
4219,1.0
4220,0.5
4221,0.25
4222,0.45161290322580644
4223,0.0
4224,0.19421487603305784
4225,0.32335329341317365
4226,1.0
4227,1.0
4228,0.4909090909090909
4229,0.25
4230,1.0
4231,0.39344262295081966
4232,0.0
4233,0.0
4234,1.0
4235,1.0
4236,0.32335329341317365
4237,0.8
4238,1.0
4239,0.2608695652173913
4240,0.0
4241,0.0
4242,0.125
4243,0.19421487603305784
4244,0.325
4245,0.0
4246,0.8
4247,0.3333333333333333
4248,0.15625
4249,1.0
4250,1.0
4251,0.5336322869955157
4252,0.125
4253,0.0
4254,0.25
4255,0.32335329341317365
4256,0.19421487603305784
4257,1.0
4258,1.0
4259,0.4909090909090909
4260,0.8
4261,0.037037037037037035
4262,0.0
4263,0.47058823529411764
4264,0.125
4265,0.0
4266,0.6470588235294118
4267,0.19421487603305784
4268,0.0
4269,1.0
4270,0.25
4271,0.25
4272,0.0
4273,0.325
4274,1.0
4275,0.4909090909090909
4276,1.0
4277,0.4909090909090909
4278,0.15625
4279,0.0
4280,1.0
4281,0.5714285714285714
4282,0.39344262295081966
4283,1.0
4284,1.0
4285,1.0
4286,0.6842105263157895
4287,1.0
4288,0.5714285714285714
4289,0.8
4290,0.19421487603305784
4291,0.125
4292,0.25
4293,0.5336322869955157
4294,0.0
4295,0.19421487603305784
4296,0.5336322869955157
4297,0.25
4298,0.19421487603305784
4299,1.0
4300,0.19421487603305784
4301,0.19421487603305784
4302,0.19421487603305784
4303,0.19421487603305784
4304,0.47058823529411764
4305,1.0
4306,0.4909090909090909
4307,0.0
4308,0.21818181818181817
4309,0.19421487603305784
4310,0.39344262295081966
4311,1.0
4312,0.39344262295081966
4313,1.0
4314,0.19421487603305784
4315,1.0
4316,0.3333333333333333
4317,0.4909090909090909
4318,0.19421487603305784
4319,0.23076923076923078
4320,0.25
4321,0.5714285714285714
4322,0.5714285714285714
4323,0.5675675675675675
4324,0.14285714285714285
4325,0.39344262295081966
4326,0.5263157894736842
4327,1.0
4328,0.125
4329,0.25
4330,0.5714285714285714
4331,0.4909090909090909
4332,1.0
4333,0.0
4334,0.5675675675675675
4335,0.32335329341317365
4336,0.23076923076923078
4337,0.5263157894736842
4338,1.0
4339,0.0
4340,0.0
4341,1.0
4342,0.26785714285714285
4343,0.0
4344,0.39344262295081966
4345,1.0
4346,0.19421487603305784
4347,0.25
4348,1.0
4349,0.23076923076923078
4350,0.0
4351,0.19421487603305784
4352,0.0
4353,0.4909090909090909
4354,0.0
4355,0.0
4356,1.0
4357,0.4909090909090909
4358,0.5336322869955157
4359,0.0
4360,0.0
4361,1.0
4362,0.5
4363,0.5675675675675675
4364,0.32335329341317365
4365,0.0
4366,0.0
4367,1.0
4368,0.037037037037037035
4369,0.8
4370,0.0
4371,0.39344262295081966
4372,1.0
4373,1.0
4374,1.0
4375,1.0
4376,0.7
4377,0.32335329341317365
4378,0.21818181818181817
4379,0.2608695652173913
4380,0.39344262295081966
4381,0.19421487603305784
4382,0.39344262295081966
4383,1.0
4384,0.21818181818181817
4385,0.3333333333333333
4386,0.0
4387,1.0
4388,1.0
4389,0.6111111111111112
4390,0.28125
4391,0.7
4392,0.875
4393,0.0
4394,0.0
4395,0.47058823529411764
4396,0.7
4397,0.19421487603305784
4398,1.0
4399,0.32335329341317365
4400,0.21818181818181817
4401,0.25
4402,0.2608695652173913
4403,0.28125
4404,0.325
4405,1.0
4406,1.0
4407,1.0
4408,0.39344262295081966
4409,0.5714285714285714
4410,1.0
4411,0.25
4412,0.0
4413,0.32335329341317365
4414,1.0
4415,0.19421487603305784
4416,0.26785714285714285
4417,0.32335329341317365
4418,0.0
4419,0.32335329341317365
4420,0.15625
4421,0.0
4422,1.0
4423,1.0
4424,0.6111111111111112
4425,0.32335329341317365
4426,0.0
4427,0.25
4428,1.0
4429,1.0
4430,1.0
4431,0.4909090909090909
4432,1.0
4433,0.037037037037037035
4434,0.19421487603305784
4435,0.0
4436,0.19421487603305784
4437,0.5714285714285714
4438,0.21818181818181817
4439,1.0
4440,0.39344262295081966
4441,0.28125
4442,0.2857142857142857
4443,0.037037037037037035
4444,1.0
4445,1.0
4446,0.05555555555555555
4447,0.6666666666666666
4448,0.0
4449,0.4090909090909091
4450,0.0
4451,0.38235294117647056
4452,1.0
4453,0.125
4454,1.0
4455,0.32335329341317365
4456,0.28125
4457,0.19421487603305784
4458,0.0
4459,0.28125
4460,0.4909090909090909
4461,0.0
4462,1.0
4463,1.0
4464,0.42857142857142855
4465,0.39344262295081966
4466,1.0
4467,1.0
4468,0.6842105263157895
4469,0.39344262295081966
4470,0.19421487603305784
4471,0.325
4472,0.3333333333333333
4473,1.0
4474,0.25
4475,1.0
4476,0.6842105263157895
4477,0.19421487603305784
4478,0.23076923076923078
4479,0.14285714285714285
4480,0.21818181818181817
4481,0.0
4482,0.3333333333333333
4483,0.19421487603305784
4484,1.0
4485,0.0
4486,0.0
4487,0.25
4488,0.32335329341317365
4489,0.32335329341317365
4490,1.0
4491,0.28125
4492,1.0
4493,0.4909090909090909
4494,0.19421487603305784
4495,0.0
4496,0.39344262295081966
4497,0.6111111111111112
4498,0.39344262295081966
4499,0.5454545454545454
4500,0.6111111111111112
4501,0.4090909090909091
4502,0.19421487603305784
4503,0.39344262295081966
4504,0.39344262295081966
4505,1.0
4506,0.5714285714285714
4507,0.19421487603305784
4508,0.25
4509,0.5675675675675675
4510,0.0
4511,0.26785714285714285
4512,0.4909090909090909
4513,0.325
4514,0.38235294117647056
4515,0.4909090909090909
4516,0.5675675675675675
4517,0.21818181818181817
4518,0.6956521739130435
4519,1.0
4520,1.0
4521,0.5263157894736842
4522,0.0
4523,0.0
4524,0.0
4525,1.0
4526,0.2608695652173913
4527,0.0
4528,0.5
4529,0.39344262295081966
4530,1.0
4531,0.8
4532,1.0
4533,1.0
4534,0.0
4535,0.19421487603305784
4536,0.2608695652173913
4537,0.21818181818181817
4538,0.39344262295081966
4539,1.0
4540,0.05555555555555555
4541,0.05555555555555555
4542,1.0
4543,0.21818181818181817
4544,0.32335329341317365
4545,0.26785714285714285
4546,0.19421487603305784
4547,0.0
4548,0.25
4549,0.4909090909090909
4550,0.15625
4551,1.0
4552,0.39344262295081966
4553,0.0
4554,1.0
4555,0.0
4556,1.0
4557,0.25
4558,0.3333333333333333
4559,1.0
4560,0.4909090909090909
4561,0.0
4562,0.47058823529411764
4563,1.0
4564,0.09090909090909091
4565,1.0
4566,0.32335329341317365
4567,1.0
4568,0.0
4569,0.0
4570,0.0
4571,0.4909090909090909
4572,0.28125
4573,0.32335329341317365
4574,1.0
4575,0.6111111111111112
4576,0.25
4577,1.0
4578,0.4909090909090909
4579,0.19421487603305784
4580,0.0
4581,1.0
4582,0.19421487603305784
4583,0.8
4584,0.0
4585,1.0
4586,0.0
4587,0.0
4588,1.0
4589,0.037037037037037035
4590,0.6666666666666666
4591,0.0
4592,0.39344262295081966
4593,0.0
4594,0.0
4595,1.0
4596,0.0
4597,1.0
4598,0.26785714285714285
4599,0.4909090909090909
4600,0.3333333333333333
4601,0.325
4602,0.28125
4603,0.0
4604,1.0
4605,0.4909090909090909
4606,0.0
4607,0.15625
4608,0.0
4609,0.0
4610,0.5263157894736842
4611,0.4909090909090909
4612,0.6666666666666666
4613,0.2608695652173913
4614,0.25
4615,0.4909090909090909
4616,1.0
4617,1.0
4618,0.125
4619,0.8
4620,0.5336322869955157
4621,0.0
4622,0.6111111111111112
4623,1.0
4624,0.25
4625,0.2608695652173913
4626,0.0
4627,0.6956521739130435
4628,0.26785714285714285
4629,0.6470588235294118
4630,0.0
4631,0.4909090909090909
4632,0.19421487603305784
4633,0.0
4634,0.25
4635,0.0
4636,0.6111111111111112
4637,0.8
4638,0.32335329341317365
4639,0.32335329341317365
4640,0.32335329341317365
4641,0.0
4642,0.0
4643,0.19421487603305784
4644,0.325
4645,1.0
4646,0.32335329341317365
4647,1.0
4648,1.0
4649,0.6666666666666666
4650,0.0
4651,0.19421487603305784
4652,0.32335329341317365
4653,0.25
4654,0.4909090909090909
4655,0.0
4656,0.325
4657,0.7
4658,0.47058823529411764
4659,1.0
4660,0.0
4661,0.0
4662,0.0
4663,0.2608695652173913
4664,0.0
4665,1.0
4666,0.19421487603305784
4667,0.28125
4668,0.125
4669,0.0
4670,0.0
4671,1.0
4672,0.037037037037037035
4673,0.0
4674,0.05555555555555555
4675,1.0
4676,0.5714285714285714
4677,0.0
4678,0.0
4679,1.0
4680,0.32335329341317365
4681,0.25
4682,0.0
4683,0.0
4684,0.6111111111111112
4685,0.0
4686,0.39344262295081966
4687,0.19421487603305784
4688,0.0
4689,0.19421487603305784
4690,1.0
4691,1.0
4692,0.19421487603305784
4693,0.39344262295081966
4694,0.32335329341317365
4695,0.39344262295081966
4696,1.0
4697,0.5
4698,1.0
4699,0.25
4700,0.19421487603305784
4701,0.15625
4702,0.19421487603305784
4703,0.19421487603305784
4704,0.5
4705,0.45161290322580644
4706,0.21818181818181817
4707,0.5
4708,0.0
4709,0.5336322869955157
4710,0.32335329341317365
4711,0.5
4712,1.0
4713,1.0
4714,1.0
4715,0.0
4716,0.32335329341317365
4717,0.0
4718,1.0
4719,0.6956521739130435
4720,1.0
4721,0.45161290322580644
4722,1.0
4723,0.39344262295081966
4724,0.4909090909090909
4725,1.0
4726,0.5336322869955157
4727,1.0
4728,0.0
4729,0.0
4730,1.0
4731,1.0
4732,0.5
4733,1.0
4734,0.4909090909090909
4735,0.32335329341317365
4736,0.4090909090909091
4737,0.38235294117647056
4738,0.35
4739,1.0
4740,0.19421487603305784
4741,0.875
4742,0.25
4743,0.875
4744,0.39344262295081966
4745,1.0
4746,1.0
4747,0.5
4748,1.0
4749,0.0
4750,0.0
4751,0.19421487603305784
4752,1.0
4753,0.0
4754,0.25
4755,0.0
4756,0.32335329341317365
4757,0.0
4758,0.4909090909090909
4759,0.32335329341317365
4760,0.39344262295081966
4761,1.0
4762,0.6470588235294118
4763,0.0
4764,0.39344262295081966
4765,0.15625
4766,0.6956521739130435
4767,0.6111111111111112
4768,0.39344262295081966
4769,0.0
4770,0.0
4771,0.6111111111111112
4772,0.0
4773,0.32335329341317365
4774,0.21818181818181817
4775,1.0
4776,1.0
4777,0.8
4778,0.5336322869955157
4779,0.0
4780,0.05555555555555555
4781,0.6111111111111112
4782,1.0
4783,0.39344262295081966
4784,0.0
4785,0.19421487603305784
4786,0.0
4787,0.0
4788,0.5675675675675675
4789,1.0
4790,1.0
4791,0.15625
4792,0.6111111111111112
4793,0.0
4794,1.0
4795,0.19421487603305784
4796,0.05555555555555555
4797,0.4909090909090909
4798,0.7
4799,0.19421487603305784
4800,1.0
4801,1.0
4802,0.21818181818181817
4803,0.0
4804,0.3333333333333333
4805,0.0
4806,0.25
4807,0.0
4808,0.0
4809,0.28125
4810,1.0
4811,0.39344262295081966
4812,0.0
4813,0.125
4814,0.28125
4815,0.0
4816,0.5675675675675675
4817,1.0
4818,0.0
4819,0.21818181818181817
4820,0.19421487603305784
4821,0.6842105263157895
4822,0.32335329341317365
4823,0.037037037037037035
4824,0.6470588235294118
4825,0.0
4826,1.0
4827,0.28125
4828,0.19421487603305784
4829,0.38235294117647056
4830,0.32335329341317365
4831,0.28125
4832,0.0
4833,0.26785714285714285
4834,0.26785714285714285
4835,1.0
4836,0.6666666666666666
4837,0.4909090909090909
4838,1.0
4839,0.5714285714285714
4840,0.5336322869955157
4841,0.5336322869955157
4842,0.39344262295081966
4843,0.0
4844,1.0
4845,1.0
4846,0.32335329341317365
4847,0.0
4848,1.0
4849,0.0
4850,1.0
4851,0.47058823529411764
4852,1.0
4853,0.6470588235294118
4854,1.0
4855,0.0
4856,0.32335329341317365
4857,0.19421487603305784
4858,0.5
4859,0.21818181818181817
4860,1.0
4861,0.0
4862,1.0
4863,0.21818181818181817
4864,1.0
4865,0.32335329341317365
4866,0.0
4867,1.0
4868,0.19421487603305784
4869,0.32335329341317365
4870,0.19421487603305784
4871,0.38235294117647056
4872,0.125
4873,0.5714285714285714
4874,1.0
4875,0.325
4876,0.25
4877,0.6111111111111112
4878,1.0
4879,0.4909090909090909
4880,1.0
4881,0.38235294117647056
4882,0.0
4883,1.0
4884,1.0
4885,0.15625
4886,0.32335329341317365
4887,0.19421487603305784
4888,1.0
4889,0.19421487603305784
4890,1.0
4891,1.0
4892,0.6842105263157895
4893,1.0
4894,0.0
4895,0.32335329341317365
4896,1.0
4897,0.8
4898,1.0
4899,0.19421487603305784
4900,0.05555555555555555
4901,0.5336322869955157
4902,0.0
4903,0.0
4904,0.6470588235294118
4905,0.25
4906,1.0
4907,1.0
4908,0.0
4909,0.0
4910,0.19421487603305784
4911,1.0
4912,0.23076923076923078
4913,0.0
4914,0.0
4915,0.0
4916,0.125
4917,0.32335329341317365
4918,0.15625
4919,0.0
4920,0.23076923076923078
4921,1.0
4922,0.6666666666666666
4923,0.0
4924,0.0
4925,0.4090909090909091
4926,1.0
4927,1.0
4928,0.0
4929,1.0
4930,0.0
4931,0.5
4932,0.32335329341317365
4933,0.0
4934,0.6666666666666666
4935,0.25
4936,0.19421487603305784
4937,0.0
4938,0.125
4939,0.25
4940,1.0
4941,0.6666666666666666
4942,1.0
4943,0.0
4944,0.32335329341317365
4945,1.0
4946,0.0
4947,0.0
4948,0.2608695652173913
4949,0.19421487603305784
4950,0.5
4951,0.875
4952,0.19421487603305784
4953,0.32335329341317365
4954,0.3333333333333333
4955,1.0
4956,1.0
4957,0.4090909090909091
4958,1.0
4959,0.5336322869955157
4960,0.19421487603305784
4961,0.5454545454545454
4962,1.0
4963,1.0
4964,0.05555555555555555
4965,1.0
4966,0.0
4967,1.0
4968,0.42857142857142855
4969,0.5336322869955157
4970,0.037037037037037035
4971,0.39344262295081966
4972,0.0
4973,0.0
4974,1.0
4975,0.25
4976,0.39344262295081966
4977,0.19421487603305784
4978,0.32335329341317365
4979,1.0
4980,0.4090909090909091
4981,0.28125
4982,0.0
4983,0.5
4984,1.0
4985,0.5263157894736842
4986,0.19421487603305784
4987,0.6111111111111112
4988,0.32335329341317365
4989,0.34375
4990,0.2608695652173913
4991,0.0
4992,0.5336322869955157
4993,1.0
4994,1.0
4995,0.19421487603305784
4996,0.0
4997,1.0
4998,0.39344262295081966
4999,0.4909090909090909
5000,0.5454545454545454
5001,0.23076923076923078
5002,0.5714285714285714
5003,1.0
5004,0.0
5005,0.0
5006,1.0
5007,1.0
5008,0.0
5009,0.6470588235294118
5010,0.0
5011,0.23076923076923078
5012,1.0
5013,0.6111111111111112
5014,0.0
5015,0.0
5016,0.6111111111111112
5017,0.2857142857142857
5018,0.28125
5019,0.32335329341317365
5020,0.0
5021,0.0
5022,0.6111111111111112
5023,1.0
5024,0.25
5025,1.0
5026,1.0
5027,0.0
5028,0.0
5029,0.0
5030,0.4909090909090909
5031,0.15625
5032,1.0
5033,0.39344262295081966
5034,1.0
5035,0.5714285714285714
5036,1.0
5037,0.6666666666666666
5038,0.19421487603305784
5039,0.32335329341317365
5040,0.0
5041,0.15625
5042,0.19421487603305784
5043,0.0
5044,1.0
5045,0.0
5046,0.037037037037037035
5047,0.0
5048,0.0
5049,0.0
5050,0.47058823529411764
5051,0.21818181818181817
5052,0.0
5053,0.26785714285714285
5054,0.0
5055,0.23076923076923078
5056,0.0
5057,0.32335329341317365
5058,0.32335329341317365
5059,0.4909090909090909
5060,0.2608695652173913
5061,0.19421487603305784
5062,0.28125
5063,0.6111111111111112
5064,0.0
5065,0.0
5066,0.0
5067,0.0
5068,0.0
5069,0.0
5070,0.28125
5071,1.0
5072,1.0
5073,0.5336322869955157
5074,0.19421487603305784
5075,0.32335329341317365
5076,1.0
5077,0.4909090909090909
5078,0.7
5079,1.0
5080,0.19421487603305784
5081,0.6666666666666666
5082,0.325
5083,1.0
5084,1.0
5085,0.3333333333333333
5086,0.15625
5087,0.7
5088,0.5336322869955157
5089,0.0
5090,0.25
5091,1.0
5092,0.5454545454545454
5093,0.0
5094,1.0
5095,0.4909090909090909
5096,0.0
5097,0.2608695652173913
5098,0.3333333333333333
5099,0.0
5100,0.8
5101,1.0
5102,0.0
5103,0.32335329341317365
5104,0.21818181818181817
5105,0.19421487603305784
5106,0.5
5107,1.0
5108,0.5454545454545454
5109,0.5
5110,1.0
5111,0.0
5112,0.5675675675675675
5113,0.39344262295081966
5114,0.15625
5115,1.0
5116,0.19421487603305784
5117,0.39344262295081966
5118,0.19421487603305784
5119,1.0
5120,1.0
5121,0.05555555555555555
5122,0.0
5123,1.0
5124,1.0
5125,0.0
5126,0.19421487603305784
5127,0.5675675675675675
5128,1.0
5129,0.0
5130,0.0
5131,0.0
5132,0.0
5133,0.4909090909090909
5134,0.4909090909090909
5135,1.0
5136,0.0
5137,1.0
5138,0.5675675675675675
5139,0.4909090909090909
5140,0.875
5141,0.39344262295081966
5142,1.0
5143,0.2857142857142857
5144,0.5714285714285714
5145,0.39344262295081966
5146,0.0
5147,0.38235294117647056
5148,0.5
5149,1.0
5150,0.0
5151,1.0
5152,0.6956521739130435
5153,0.0
5154,1.0
5155,0.0
5156,0.09090909090909091
5157,0.45161290322580644
5158,0.19421487603305784
5159,1.0
5160,1.0
5161,0.19421487603305784
5162,0.5336322869955157
5163,1.0
5164,0.0
5165,0.45161290322580644
5166,0.6842105263157895
5167,0.19421487603305784
5168,1.0
5169,0.6111111111111112
5170,0.0
5171,0.2608695652173913
5172,0.19421487603305784
5173,0.8
5174,0.0
5175,0.6111111111111112
5176,0.0
5177,0.28125
5178,0.5454545454545454
5179,1.0
5180,0.32335329341317365
5181,0.6111111111111112
5182,0.4909090909090909
5183,0.19421487603305784
5184,0.39344262295081966
5185,0.19421487603305784
5186,0.4909090909090909
5187,0.8
5188,0.39344262295081966
5189,1.0
5190,0.19421487603305784
5191,0.125
5192,1.0
5193,0.0
5194,0.38235294117647056
5195,0.19421487603305784
5196,0.5
5197,1.0
5198,0.6666666666666666
5199,0.0
5200,0.8
5201,0.32335329341317365
5202,0.19421487603305784
5203,0.21818181818181817
5204,0.4909090909090909
5205,0.25
5206,0.4090909090909091
5207,0.5714285714285714
5208,0.6111111111111112
5209,0.19421487603305784
5210,0.0
5211,0.7
5212,0.5
5213,0.39344262295081966
5214,1.0
5215,0.0
5216,0.19421487603305784
5217,0.21818181818181817
5218,0.0
5219,0.5336322869955157
5220,1.0
5221,0.6111111111111112
5222,0.4909090909090909
5223,0.39344262295081966
5224,1.0
5225,1.0
5226,0.0
5227,0.0
5228,0.05555555555555555
5229,0.5714285714285714
5230,0.2608695652173913
5231,0.5336322869955157
5232,0.45161290322580644
5233,0.0
5234,0.25
5235,1.0
5236,0.0
5237,0.5
5238,0.0
5239,0.19421487603305784
5240,0.19421487603305784
5241,1.0
5242,0.0
5243,0.2608695652173913
5244,0.19421487603305784
5245,0.0
5246,0.6666666666666666
5247,0.0
5248,0.8
5249,0.4090909090909091
5250,0.0
5251,1.0
5252,0.0
5253,0.0
5254,0.5714285714285714
5255,0.0
5256,0.5675675675675675
5257,1.0
5258,0.5
5259,0.32335329341317365
5260,0.19421487603305784
5261,0.3333333333333333
5262,1.0
5263,0.19421487603305784
5264,0.8
5265,0.5
5266,0.5454545454545454
5267,0.0
5268,0.5263157894736842
5269,0.32335329341317365
5270,0.6666666666666666
5271,0.4909090909090909
5272,1.0
5273,0.5336322869955157
5274,0.19421487603305784
5275,0.5336322869955157
5276,0.4909090909090909
5277,0.0
5278,0.0
5279,1.0
5280,1.0
5281,0.4909090909090909
5282,0.14285714285714285
5283,0.19421487603305784
5284,0.25
5285,0.0
5286,1.0
5287,0.45161290322580644
5288,0.47058823529411764
5289,0.875
5290,0.25
5291,0.5714285714285714
5292,0.25
5293,0.45161290322580644
5294,0.4909090909090909
5295,0.19421487603305784
5296,0.0
5297,0.875
5298,0.19421487603305784
5299,0.4909090909090909
5300,1.0
5301,0.25
5302,0.037037037037037035
5303,1.0
5304,1.0
5305,0.25
5306,0.5714285714285714
5307,0.47058823529411764
5308,0.28125
5309,0.47058823529411764
5310,0.0
5311,0.0
5312,0.19421487603305784
5313,0.0
5314,0.0
5315,0.19421487603305784
5316,1.0
5317,1.0
5318,1.0
5319,0.25
5320,0.0
5321,1.0
5322,0.19421487603305784
5323,0.6111111111111112
5324,0.25
5325,0.25
5326,0.5675675675675675
5327,0.5675675675675675
5328,0.0
5329,1.0
5330,0.0
5331,0.19421487603305784
5332,0.21818181818181817
5333,1.0
5334,0.0
5335,0.15625
5336,0.0
5337,0.25
5338,0.19421487603305784
5339,0.32335329341317365
5340,0.0
5341,0.19421487603305784
5342,0.47058823529411764
5343,1.0
5344,1.0
5345,0.5675675675675675
5346,0.2857142857142857
5347,1.0
5348,0.19421487603305784
5349,0.2608695652173913
5350,0.0
5351,0.39344262295081966
5352,0.32335329341317365
5353,0.39344262295081966
5354,1.0
5355,0.6111111111111112
5356,1.0
5357,0.8
5358,0.5675675675675675
5359,0.325
5360,1.0
5361,0.32335329341317365
5362,0.21818181818181817
5363,1.0
5364,0.0
5365,0.39344262295081966
5366,0.4909090909090909
5367,0.4909090909090909
5368,0.32335329341317365
5369,0.0
5370,0.09090909090909091
5371,0.21818181818181817
5372,0.0
5373,0.6842105263157895
5374,0.8
5375,0.0
5376,0.05555555555555555
5377,1.0
5378,0.0
5379,0.0
5380,0.6111111111111112
5381,0.0
5382,0.8
5383,0.037037037037037035
5384,1.0
5385,0.0
5386,0.325
5387,0.4909090909090909
5388,0.32335329341317365
5389,0.0
5390,0.325
5391,0.0
5392,1.0
5393,0.19421487603305784
5394,0.25
5395,0.5675675675675675
5396,1.0
5397,0.0
5398,0.19421487603305784
5399,0.19421487603305784
5400,0.28125
5401,0.5336322869955157
5402,0.0
5403,0.19421487603305784
5404,0.05555555555555555
5405,0.0
5406,0.6842105263157895
5407,0.0
5408,0.19421487603305784
5409,0.28125
5410,1.0
5411,0.5336322869955157
5412,1.0
5413,0.19421487603305784
5414,1.0
5415,0.0
5416,0.5
5417,1.0
5418,0.21818181818181817
5419,0.19421487603305784
5420,0.8
5421,0.0
5422,0.32335329341317365
5423,1.0
5424,0.6111111111111112
5425,0.0
5426,0.0
5427,0.38235294117647056
5428,0.25
5429,0.0
5430,0.32335329341317365
5431,0.15625
5432,0.0
5433,1.0
5434,0.32335329341317365
5435,0.0
5436,0.125
5437,0.4909090909090909
5438,1.0
5439,0.34375
5440,0.4909090909090909
5441,0.0
5442,1.0
5443,0.19421487603305784
5444,0.19421487603305784
5445,0.0
5446,0.125
5447,0.0
5448,0.38235294117647056
5449,0.4909090909090909
5450,1.0
5451,0.0
5452,0.5675675675675675
5453,0.5336322869955157
5454,1.0
5455,0.0
5456,1.0
5457,0.037037037037037035
5458,0.45161290322580644
5459,1.0
5460,0.23076923076923078
5461,0.3333333333333333
5462,0.25
5463,1.0
5464,0.28125
5465,0.7
5466,1.0
5467,0.19421487603305784
5468,0.0
5469,0.3333333333333333
5470,0.39344262295081966
5471,0.4909090909090909
5472,0.0
5473,0.6842105263157895
5474,0.0
5475,0.28125
5476,0.15625
5477,0.0
5478,0.0
5479,0.0
5480,0.5675675675675675
5481,0.0
5482,0.4909090909090909
5483,0.125
5484,0.25
5485,0.2608695652173913
5486,0.19421487603305784
5487,0.19421487603305784
5488,0.05555555555555555
5489,0.5714285714285714
5490,1.0
5491,0.5675675675675675
5492,0.2608695652173913
5493,0.0
5494,0.5
5495,0.5336322869955157
5496,0.23076923076923078
5497,0.6842105263157895
5498,0.19421487603305784
5499,0.39344262295081966
5500,0.6842105263157895
5501,1.0
5502,0.0
5503,0.19421487603305784
5504,0.0
5505,0.6842105263157895
5506,0.0
5507,0.35
5508,0.21818181818181817
5509,0.32335329341317365
5510,0.037037037037037035
5511,1.0
5512,0.05555555555555555
5513,0.6111111111111112
5514,0.32335329341317365
5515,0.0
5516,0.19421487603305784
5517,0.38235294117647056
5518,0.0
5519,1.0
5520,0.45161290322580644
5521,0.0
5522,0.6111111111111112
5523,0.23076923076923078
5524,0.32335329341317365
5525,1.0
5526,0.0
5527,0.19421487603305784
5528,0.4909090909090909
5529,0.5714285714285714
5530,0.0
5531,0.21818181818181817
5532,0.39344262295081966
5533,0.6842105263157895
5534,0.0
5535,0.19421487603305784
5536,0.0
5537,0.0
5538,1.0
5539,1.0
5540,1.0
5541,1.0
5542,1.0
5543,0.0
5544,0.25
5545,0.4909090909090909
5546,0.0
5547,0.5675675675675675
5548,0.0
5549,0.19421487603305784
5550,0.28125
5551,0.125
5552,0.4090909090909091
5553,1.0
5554,0.4909090909090909
5555,0.19421487603305784
5556,0.15625
5557,1.0
5558,0.47058823529411764
5559,1.0
5560,0.19421487603305784
5561,0.5714285714285714
5562,1.0
5563,0.0
5564,0.5263157894736842
5565,0.21818181818181817
5566,0.325
5567,0.32335329341317365
5568,1.0
5569,0.5675675675675675
5570,0.8
5571,0.5263157894736842
5572,0.0
5573,0.0
5574,0.0
5575,0.35
5576,0.19421487603305784
5577,0.0
5578,0.39344262295081966
5579,0.0
5580,0.26785714285714285
5581,0.32335329341317365
5582,1.0
5583,0.0
5584,0.38235294117647056
5585,0.26785714285714285
5586,0.15625
5587,1.0
5588,0.5714285714285714
5589,1.0
5590,0.325
5591,0.21818181818181817
5592,0.25
5593,0.4909090909090909
5594,0.4090909090909091
5595,0.4909090909090909
5596,0.0
5597,1.0
5598,1.0
5599,0.38235294117647056
5600,0.5336322869955157
5601,1.0
5602,0.0
5603,0.6111111111111112
5604,1.0
5605,0.5336322869955157
5606,0.0
5607,1.0
5608,0.0
5609,1.0
5610,0.4909090909090909
5611,1.0
5612,0.19421487603305784
5613,0.0
5614,1.0
5615,0.0
5616,0.0
5617,0.39344262295081966
5618,0.21818181818181817
5619,0.4909090909090909
5620,0.5336322869955157
5621,0.39344262295081966
5622,0.32335329341317365
5623,0.28125
5624,0.15625
5625,0.4909090909090909
5626,0.5714285714285714
5627,0.19421487603305784
5628,1.0
5629,0.32335329341317365
5630,0.39344262295081966
5631,0.0
5632,0.4909090909090909
5633,0.15625
5634,0.125
5635,0.125
5636,1.0
5637,0.32335329341317365
5638,0.6666666666666666
5639,0.19421487603305784
5640,0.38235294117647056
5641,0.5336322869955157
5642,0.0
5643,0.19421487603305784
5644,0.8
5645,0.25
5646,0.6666666666666666
5647,0.6666666666666666
5648,1.0
5649,0.4909090909090909
5650,0.19421487603305784
5651,0.5714285714285714
5652,0.39344262295081966
5653,1.0
5654,0.25
5655,0.6111111111111112
5656,0.0
5657,0.05555555555555555
5658,0.0
5659,0.6111111111111112
5660,0.19421487603305784
5661,0.6842105263157895
5662,0.4909090909090909
5663,0.45161290322580644
5664,1.0
5665,0.5675675675675675
5666,1.0
5667,0.38235294117647056
5668,0.6666666666666666
5669,0.0
5670,0.0
5671,0.26785714285714285
5672,0.2608695652173913
5673,0.19421487603305784
5674,0.5263157894736842
5675,0.32335329341317365
5676,0.19421487603305784
5677,0.32335329341317365
5678,1.0
5679,1.0
5680,1.0
5681,0.32335329341317365
5682,0.0
5683,0.0
5684,0.34375
5685,0.35
5686,0.0
5687,0.875
5688,0.3333333333333333
5689,0.0
5690,0.4909090909090909
5691,0.39344262295081966
5692,0.6111111111111112
5693,0.25
5694,0.32335329341317365
5695,1.0
5696,1.0
5697,0.19421487603305784
5698,0.875
5699,0.325
5700,1.0
5701,0.25
5702,0.39344262295081966
5703,0.39344262295081966
5704,0.19421487603305784
5705,0.5714285714285714
5706,1.0
5707,1.0
5708,1.0
5709,0.0
5710,0.3333333333333333
5711,0.45161290322580644
5712,0.19421487603305784
5713,0.325
5714,1.0
5715,1.0
5716,0.5
5717,0.0
5718,0.19421487603305784
5719,0.8
5720,0.0
5721,1.0
5722,0.0
5723,0.0
5724,0.0
5725,0.0
5726,0.19421487603305784
5727,0.19421487603305784
5728,0.6842105263157895
5729,0.28125
5730,0.5
5731,0.5714285714285714
5732,0.8
5733,0.4909090909090909
5734,0.5
5735,0.28125
5736,0.39344262295081966
5737,0.6111111111111112
5738,0.125
5739,0.32335329341317365
5740,0.32335329341317365
5741,0.19421487603305784
5742,1.0
5743,0.0
5744,0.28125
5745,0.25
5746,0.5714285714285714
5747,0.28125
5748,0.28125
5749,0.19421487603305784
5750,0.25
5751,0.38235294117647056
5752,0.4909090909090909
5753,0.32335329341317365
5754,1.0
5755,0.19421487603305784
5756,0.0
5757,1.0
5758,0.19421487603305784
5759,1.0
5760,0.05555555555555555
5761,0.19421487603305784
5762,0.7
5763,0.15625
5764,0.19421487603305784
5765,0.32335329341317365
5766,0.19421487603305784
5767,1.0
5768,0.32335329341317365
5769,1.0
5770,0.0
5771,1.0
5772,0.5675675675675675
5773,0.037037037037037035
5774,0.5336322869955157
5775,1.0
5776,0.26785714285714285
5777,1.0
5778,1.0
5779,0.0
5780,1.0
5781,0.0
5782,1.0
5783,0.19421487603305784
5784,0.19421487603305784
5785,0.0
5786,1.0
5787,1.0
5788,0.5714285714285714
5789,0.0
5790,0.19421487603305784
5791,0.32335329341317365
5792,0.5675675675675675
5793,0.32335329341317365
5794,0.21818181818181817
5795,0.4909090909090909
5796,1.0
5797,1.0
5798,0.7
5799,0.6111111111111112
5800,1.0
5801,0.0
5802,1.0
5803,0.19421487603305784
5804,1.0
5805,1.0
5806,0.25
5807,1.0
5808,0.32335329341317365
5809,0.39344262295081966
5810,0.39344262295081966
5811,1.0
5812,0.05555555555555555
5813,0.39344262295081966
5814,0.45161290322580644
5815,0.2608695652173913
5816,0.32335329341317365
5817,1.0
5818,0.5336322869955157
5819,1.0
5820,0.23076923076923078
5821,1.0
5822,0.6111111111111112
5823,0.19421487603305784
5824,0.0
5825,0.28125
5826,0.0
5827,0.4909090909090909
5828,0.19421487603305784
5829,0.19421487603305784
5830,0.0
5831,0.25
5832,0.0
5833,0.05555555555555555
5834,0.0
5835,0.5675675675675675
5836,0.6111111111111112
5837,0.5336322869955157
5838,0.0
5839,1.0
5840,0.0
5841,0.0
5842,0.05555555555555555
5843,0.0
5844,0.0
5845,0.6666666666666666
5846,0.125
5847,0.05555555555555555
5848,1.0
5849,0.0
5850,0.037037037037037035
5851,0.4909090909090909
5852,0.28125
5853,0.0
5854,0.037037037037037035
5855,0.0
5856,0.15625
5857,0.0
5858,0.0
5859,0.6666666666666666
5860,0.6842105263157895
5861,0.19421487603305784
5862,0.28125
5863,0.19421487603305784
5864,0.6666666666666666
5865,0.25
5866,0.4909090909090909
5867,0.19421487603305784
5868,0.3333333333333333
5869,0.5
5870,0.05555555555555555
5871,1.0
5872,0.15625
5873,0.5
5874,0.037037037037037035
5875,0.21818181818181817
5876,0.5
5877,1.0
5878,0.0
5879,0.4909090909090909
5880,0.8
5881,0.6111111111111112
5882,1.0
5883,1.0
5884,0.32335329341317365
5885,0.5714285714285714
5886,0.4090909090909091
5887,0.6666666666666666
5888,1.0
5889,0.8
5890,1.0
5891,0.4909090909090909
5892,1.0
5893,0.5675675675675675
5894,1.0
5895,1.0
5896,0.39344262295081966
5897,0.47058823529411764
5898,0.19421487603305784
5899,0.19421487603305784
5900,0.0
5901,0.32335329341317365
5902,0.32335329341317365
5903,0.5675675675675675
5904,0.19421487603305784
5905,0.6470588235294118
5906,0.2857142857142857
5907,1.0
5908,1.0
5909,0.5
5910,0.0
5911,0.39344262295081966
5912,0.0
5913,0.5336322869955157
5914,0.5714285714285714
5915,1.0
5916,0.39344262295081966
5917,1.0
5918,1.0
5919,1.0
5920,0.19421487603305784
5921,0.19421487603305784
5922,0.5336322869955157
5923,1.0
5924,0.45161290322580644
5925,0.19421487603305784
5926,0.325
5927,1.0
5928,0.32335329341317365
5929,0.42857142857142855
5930,0.0
5931,0.5714285714285714
5932,1.0
5933,0.19421487603305784
5934,0.4909090909090909
5935,0.5714285714285714
5936,0.19421487603305784
5937,0.0
5938,0.15625
5939,0.3333333333333333
5940,0.0
5941,0.39344262295081966
5942,0.21818181818181817
5943,1.0
5944,0.0
5945,0.0
5946,0.0
5947,0.0
5948,1.0
5949,0.5714285714285714
5950,0.3333333333333333
5951,1.0
5952,0.21818181818181817
5953,0.5714285714285714
5954,0.6842105263157895
5955,1.0
5956,0.32335329341317365
5957,0.45161290322580644
5958,0.5675675675675675
5959,0.325
5960,1.0
5961,1.0
5962,0.6956521739130435
5963,0.19421487603305784
5964,0.23076923076923078
5965,0.4090909090909091
5966,0.4909090909090909
5967,1.0
5968,0.5
5969,1.0
5970,0.19421487603305784
5971,1.0
5972,0.0
5973,0.2608695652173913
5974,1.0
5975,0.4909090909090909
5976,0.5
5977,1.0
5978,1.0
5979,1.0
5980,0.2857142857142857
5981,0.0
